2025-05-12 09:20:32,961,INFO,Starting rover RTK health check... (SIMULATION MODE)
2025-05-12 09:20:32,961,INFO,All health checks automatically passed for simulation mode
2025-05-12 12:31:06,353,INFO,Starting rover RTK health check... (SIMULATION MODE)
2025-05-12 12:31:06,446,INFO,All health checks automatically passed for simulation mode
2025-05-12 12:38:22,704,INFO,Starting rover RTK health check... (SIMULATION MODE)
2025-05-12 12:38:22,798,INFO,All health checks automatically passed for simulation mode
2025-05-13 16:08:25,236,INFO,Starting rover RTK health check... (SIMULATION MODE)
2025-05-13 16:08:25,323,INFO,All health checks automatically passed for simulation mode
2025-05-13 23:28:03,843,INFO,Starting rover RTK health check... (SIMULATION MODE)
2025-05-13 23:28:03,852,INFO,All health checks automatically passed for simulation mode
2025-05-14 00:33:17,062,INFO,Starting rover RTK health check... (SIMULATION MODE)
2025-05-14 00:33:17,162,INFO,All health checks automatically passed for simulation mode
2025-05-14 00:53:26,975,INFO,Starting rover RTK health check... (SIMULATION MODE)
2025-05-14 00:53:26,978,INFO,All health checks automatically passed for simulation mode
2025-05-14 00:56:46,768,INFO,Starting rover RTK health check... (SIMULATION MODE)
2025-05-14 00:56:46,843,INFO,All health checks automatically passed for simulation mode
2025-05-14 08:17:43,339,INFO,Starting rover RTK health check... (SIMULATION MODE)
2025-05-14 08:17:43,344,INFO,All health checks automatically passed for simulation mode
2025-05-14 08:25:52,291,INFO,Starting rover RTK health check... (SIMULATION MODE)
2025-05-14 08:25:52,295,INFO,All health checks automatically passed for simulation mode
